{
  "name": "project",
  "version": "1.0.0",
  "lockfileVersion": 1,
  "requires": true,
  "dependencies": {
    "accepts": {
      "version": "1.3.5",
      "resolved": "https://registry.npmjs.org/accepts/-/accepts-1.3.5.tgz",
      "integrity": "sha1-63d99gEXI6OxTopywIBcjoZ0a9I=",
      "requires": {
        "mime-types": "~2.1.18",
        "negotiator": "0.6.1"
      }
    },
    "array-flatten": {
      "version": "1.1.1",
      "resolved": "https://registry.npmjs.org/array-flatten/-/array-flatten-1.1.1.tgz",
      "integrity": "sha1-ml9pkFGx5wczKPKgCJaLZOopVdI="
    },
    "async": {
      "version": "2.1.4",
      "resolved": "https://registry.npmjs.org/async/-/async-2.1.4.tgz",
      "integrity": "sha1-LSFgx3iAMuTdbL4lAvH5osj2zeQ=",
      "requires": {
        "lodash": "^4.14.0"
      }
    },
    "bcryptjs": {
      "version": "2.4.3",
      "resolved": "https://registry.npmjs.org/bcryptjs/-/bcryptjs-2.4.3.tgz",
      "integrity": "sha1-mrVie5PmBiH/fNrF2pczAn3x0Ms="
    },
    "bluebird": {
      "version": "3.5.0",
      "resolved": "https://registry.npmjs.org/bluebird/-/bluebird-3.5.0.tgz",
      "integrity": "sha1-eRQg1/VR7qKJdFOop3ZT+WYG1nw="
    },
    "body-parser": {
      "version": "1.18.3",
      "resolved": "https://registry.npmjs.org/body-parser/-/body-parser-1.18.3.tgz",
      "integrity": "sha1-WykhmP/dVTs6DyDe0FkrlWlVyLQ=",
      "requires": {
        "bytes": "3.0.0",
        "content-type": "~1.0.4",
        "debug": "2.6.9",
        "depd": "~1.1.2",
        "http-errors": "~1.6.3",
        "iconv-lite": "0.4.23",
        "on-finished": "~2.3.0",
        "qs": "6.5.2",
        "raw-body": "2.3.3",
        "type-is": "~1.6.16"
      }
    },
    "bson": {
      "version": "1.0.6",
      "resolved": "https://registry.npmjs.org/bson/-/bson-1.0.6.tgz",
      "integrity": "sha512-D8zmlb46xfuK2gGvKmUjIklQEouN2nQ0LEHHeZ/NoHM2LDiMk2EYzZ5Ntw/Urk+bgMDosOZxaRzXxvhI5TcAVQ=="
    },
    "buffer-equal-constant-time": {
      "version": "1.0.1",
      "resolved": "https://registry.npmjs.org/buffer-equal-constant-time/-/buffer-equal-constant-time-1.0.1.tgz",
      "integrity": "sha1-+OcRMvf/5uAaXJaXpMbz5I1cyBk="
    },
    "bytes": {
      "version": "3.0.0",
      "resolved": "https://registry.npmjs.org/bytes/-/bytes-3.0.0.tgz",
      "integrity": "sha1-0ygVQE1olpn4Wk6k+odV3ROpYEg="
    },
    "content-disposition": {
      "version": "0.5.2",
      "resolved": "https://registry.npmjs.org/content-disposition/-/content-disposition-0.5.2.tgz",
      "integrity": "sha1-DPaLud318r55YcOoUXjLhdunjLQ="
    },
    "content-type": {
      "version": "1.0.4",
      "resolved": "https://registry.npmjs.org/content-type/-/content-type-1.0.4.tgz",
      "integrity": "sha512-hIP3EEPs8tB9AT1L+NUqtwOAps4mk2Zob89MWXMHjHWg9milF/j4osnnQLXBCBFBk/tvIG/tUc9mOUJiPBhPXA=="
    },
    "cookie": {
      "version": "0.3.1",
      "resolved": "https://registry.npmjs.org/cookie/-/cookie-0.3.1.tgz",
      "integrity": "sha1-5+Ch+e9DtMi6klxcWpboBtFoc7s="
    },
    "cookie-signature": {
      "version": "1.0.6",
      "resolved": "https://registry.npmjs.org/cookie-signature/-/cookie-signature-1.0.6.tgz",
      "integrity": "sha1-4wOogrNCzD7oylE6eZmXNNqzriw="
    },
    "cors": {
      "version": "2.8.4",
      "resolved": "https://registry.npmjs.org/cors/-/cors-2.8.4.tgz",
      "integrity": "sha1-K9OB8usgECAQXNUOpZ2mMJBpRoY=",
      "requires": {
        "object-assign": "^4",
        "vary": "^1"
      }
    },
    "debug": {
      "version": "2.6.9",
      "resolved": "https://registry.npmjs.org/debug/-/debug-2.6.9.tgz",
      "integrity": "sha512-bC7ElrdJaJnPbAP+1EotYvqZsb3ecl5wi6Bfi6BJTUcNowp6cvspg0jXznRTKDjm/E7AdgFBVeAPVMNcKGsHMA==",
      "requires": {
        "ms": "2.0.0"
      }
    },
    "depd": {
      "version": "1.1.2",
      "resolved": "https://registry.npmjs.org/depd/-/depd-1.1.2.tgz",
      "integrity": "sha1-m81S4UwJd2PnSbJ0xDRu0uVgtak="
    },
    "destroy": {
      "version": "1.0.4",
      "resolved": "https://registry.npmjs.org/destroy/-/destroy-1.0.4.tgz",
      "integrity": "sha1-l4hXRCxEdJ5CBmE+N5RiBYJqvYA="
    },
    "dotenv": {
      "version": "8.2.0",
      "resolved": "https://registry.npmjs.org/dotenv/-/dotenv-8.2.0.tgz",
      "integrity": "sha512-8sJ78ElpbDJBHNeBzUbUVLsqKdccaa/BXF1uPTw3GrvQTBgrQrtObr2mUrE38vzYd8cEv+m/JBfDLioYcfXoaw=="
    },
    "ecdsa-sig-formatter": {
      "version": "1.0.10",
      "resolved": "https://registry.npmjs.org/ecdsa-sig-formatter/-/ecdsa-sig-formatter-1.0.10.tgz",
      "integrity": "sha1-HFlQAPBKiJffuFAAiSoPTDOvhsM=",
      "requires": {
        "safe-buffer": "^5.0.1"
      }
    },
    "ee-first": {
      "version": "1.1.1",
      "resolved": "https://registry.npmjs.org/ee-first/-/ee-first-1.1.1.tgz",
      "integrity": "sha1-WQxhFWsK4vTwJVcyoViyZrxWsh0="
    },
    "encodeurl": {
      "version": "1.0.2",
      "resolved": "https://registry.npmjs.org/encodeurl/-/encodeurl-1.0.2.tgz",
      "integrity": "sha1-rT/0yG7C0CkyL1oCw6mmBslbP1k="
    },
    "escape-html": {
      "version": "1.0.3",
      "resolved": "https://registry.npmjs.org/escape-html/-/escape-html-1.0.3.tgz",
      "integrity": "sha1-Aljq5NPQwJdN4cFpGI7wBR0dGYg="
    },
    "etag": {
      "version": "1.8.1",
      "resolved": "https://registry.npmjs.org/etag/-/etag-1.8.1.tgz",
      "integrity": "sha1-Qa4u62XvpiJorr/qg6x9eSmbCIc="
    },
    "express": {
      "version": "4.16.3",
      "resolved": "https://registry.npmjs.org/express/-/express-4.16.3.tgz",
      "integrity": "sha1-avilAjUNsyRuzEvs9rWjTSL37VM=",
      "requires": {
        "accepts": "~1.3.5",
        "array-flatten": "1.1.1",
        "body-parser": "1.18.2",
        "content-disposition": "0.5.2",
        "content-type": "~1.0.4",
        "cookie": "0.3.1",
        "cookie-signature": "1.0.6",
        "debug": "2.6.9",
        "depd": "~1.1.2",
        "encodeurl": "~1.0.2",
        "escape-html": "~1.0.3",
        "etag": "~1.8.1",
        "finalhandler": "1.1.1",
        "fresh": "0.5.2",
        "merge-descriptors": "1.0.1",
        "methods": "~1.1.2",
        "on-finished": "~2.3.0",
        "parseurl": "~1.3.2",
        "path-to-regexp": "0.1.7",
        "proxy-addr": "~2.0.3",
        "qs": "6.5.1",
        "range-parser": "~1.2.0",
        "safe-buffer": "5.1.1",
        "send": "0.16.2",
        "serve-static": "1.13.2",
        "setprototypeof": "1.1.0",
        "statuses": "~1.4.0",
        "type-is": "~1.6.16",
        "utils-merge": "1.0.1",
        "vary": "~1.1.2"
      },
      "dependencies": {
        "body-parser": {
          "version": "1.18.2",
          "resolved": "https://registry.npmjs.org/body-parser/-/body-parser-1.18.2.tgz",
          "integrity": "sha1-h2eKGdhLR9hZuDGZvVm84iKxBFQ=",
          "requires": {
            "bytes": "3.0.0",
            "content-type": "~1.0.4",
            "debug": "2.6.9",
            "depd": "~1.1.1",
            "http-errors": "~1.6.2",
            "iconv-lite": "0.4.19",
            "on-finished": "~2.3.0",
            "qs": "6.5.1",
            "raw-body": "2.3.2",
            "type-is": "~1.6.15"
          }
        },
        "iconv-lite": {
          "version": "0.4.19",
          "resolved": "https://registry.npmjs.org/iconv-lite/-/iconv-lite-0.4.19.tgz",
          "integrity": "sha512-oTZqweIP51xaGPI4uPa56/Pri/480R+mo7SeU+YETByQNhDG55ycFyNLIgta9vXhILrxXDmF7ZGhqZIcuN0gJQ=="
        },
        "qs": {
          "version": "6.5.1",
          "resolved": "https://registry.npmjs.org/qs/-/qs-6.5.1.tgz",
          "integrity": "sha512-eRzhrN1WSINYCDCbrz796z37LOe3m5tmW7RQf6oBntukAG1nmovJvhnwHHRMAfeoItc1m2Hk02WER2aQ/iqs+A=="
        },
        "raw-body": {
          "version": "2.3.2",
          "resolved": "https://registry.npmjs.org/raw-body/-/raw-body-2.3.2.tgz",
          "integrity": "sha1-vNYMd9Prk83gBQKVw/N5OJvIj4k=",
          "requires": {
            "bytes": "3.0.0",
            "http-errors": "1.6.2",
            "iconv-lite": "0.4.19",
            "unpipe": "1.0.0"
          },
          "dependencies": {
            "depd": {
              "version": "1.1.1",
              "resolved": "https://registry.npmjs.org/depd/-/depd-1.1.1.tgz",
              "integrity": "sha1-V4O04cRZ8G+lyif5kfPQbnoxA1k="
            },
            "http-errors": {
              "version": "1.6.2",
              "resolved": "https://registry.npmjs.org/http-errors/-/http-errors-1.6.2.tgz",
              "integrity": "sha1-CgAsyFcHGSp+eUbO7cERVfYOxzY=",
              "requires": {
                "depd": "1.1.1",
                "inherits": "2.0.3",
                "setprototypeof": "1.0.3",
                "statuses": ">= 1.3.1 < 2"
              }
            },
            "setprototypeof": {
              "version": "1.0.3",
              "resolved": "https://registry.npmjs.org/setprototypeof/-/setprototypeof-1.0.3.tgz",
              "integrity": "sha1-ZlZ+NwQ+608E2RvWWMDL77VbjgQ="
            }
          }
        },
        "statuses": {
          "version": "1.4.0",
          "resolved": "https://registry.npmjs.org/statuses/-/statuses-1.4.0.tgz",
          "integrity": "sha512-zhSCtt8v2NDrRlPQpCNtw/heZLtfUDqxBM1udqikb/Hbk52LK4nQSwr10u77iopCW5LsyHpuXS0GnEc48mLeew=="
        }
      }
    },
    "finalhandler": {
      "version": "1.1.1",
      "resolved": "https://registry.npmjs.org/finalhandler/-/finalhandler-1.1.1.tgz",
      "integrity": "sha512-Y1GUDo39ez4aHAw7MysnUD5JzYX+WaIj8I57kO3aEPT1fFRL4sr7mjei97FgnwhAyyzRYmQZaTHb2+9uZ1dPtg==",
      "requires": {
        "debug": "2.6.9",
        "encodeurl": "~1.0.2",
        "escape-html": "~1.0.3",
        "on-finished": "~2.3.0",
        "parseurl": "~1.3.2",
        "statuses": "~1.4.0",
        "unpipe": "~1.0.0"
      },
      "dependencies": {
        "statuses": {
          "version": "1.4.0",
          "resolved": "https://registry.npmjs.org/statuses/-/statuses-1.4.0.tgz",
          "integrity": "sha512-zhSCtt8v2NDrRlPQpCNtw/heZLtfUDqxBM1udqikb/Hbk52LK4nQSwr10u77iopCW5LsyHpuXS0GnEc48mLeew=="
        }
      }
    },
    "forwarded": {
      "version": "0.1.2",
      "resolved": "https://registry.npmjs.org/forwarded/-/forwarded-0.1.2.tgz",
      "integrity": "sha1-mMI9qxF1ZXuMBXPozszZGw/xjIQ="
    },
    "fresh": {
      "version": "0.5.2",
      "resolved": "https://registry.npmjs.org/fresh/-/fresh-0.5.2.tgz",
      "integrity": "sha1-PYyt2Q2XZWn6g1qx+OSyOhBWBac="
    },
    "http-errors": {
      "version": "1.6.3",
      "resolved": "https://registry.npmjs.org/http-errors/-/http-errors-1.6.3.tgz",
      "integrity": "sha1-i1VoC7S+KDoLW/TqLjhYC+HZMg0=",
      "requires": {
        "depd": "~1.1.2",
        "inherits": "2.0.3",
        "setprototypeof": "1.1.0",
        "statuses": ">= 1.4.0 < 2"
      }
    },
    "iconv-lite": {
      "version": "0.4.23",
      "resolved": "https://registry.npmjs.org/iconv-lite/-/iconv-lite-0.4.23.tgz",
      "integrity": "sha512-neyTUVFtahjf0mB3dZT77u+8O0QB89jFdnBkd5P1JgYPbPaia3gXXOVL2fq8VyU2gMMD7SaN7QukTB/pmXYvDA==",
      "requires": {
        "safer-buffer": ">= 2.1.2 < 3"
      }
    },
    "inherits": {
      "version": "2.0.3",
      "resolved": "https://registry.npmjs.org/inherits/-/inherits-2.0.3.tgz",
      "integrity": "sha1-Yzwsg+PaQqUC9SRmAiSA9CCCYd4="
    },
    "ipaddr.js": {
      "version": "1.6.0",
      "resolved": "https://registry.npmjs.org/ipaddr.js/-/ipaddr.js-1.6.0.tgz",
      "integrity": "sha1-4/o1e3c9phnybpXwSdBVxyeW+Gs="
    },
    "jsonwebtoken": {
      "version": "8.3.0",
      "resolved": "https://registry.npmjs.org/jsonwebtoken/-/jsonwebtoken-8.3.0.tgz",
      "integrity": "sha512-oge/hvlmeJCH+iIz1DwcO7vKPkNGJHhgkspk8OH3VKlw+mbi42WtD4ig1+VXRln765vxptAv+xT26Fd3cteqag==",
      "requires": {
        "jws": "^3.1.5",
        "lodash.includes": "^4.3.0",
        "lodash.isboolean": "^3.0.3",
        "lodash.isinteger": "^4.0.4",
        "lodash.isnumber": "^3.0.3",
        "lodash.isplainobject": "^4.0.6",
        "lodash.isstring": "^4.0.1",
        "lodash.once": "^4.0.0",
        "ms": "^2.1.1"
      },
      "dependencies": {
        "ms": {
          "version": "2.1.1",
          "resolved": "https://registry.npmjs.org/ms/-/ms-2.1.1.tgz",
          "integrity": "sha512-tgp+dl5cGk28utYktBsrFqA7HKgrhgPsg6Z/EfhWI4gl1Hwq8B/GmY/0oXZ6nF8hDVesS/FpnYaD/kOWhYQvyg=="
        }
      }
    },
    "jwa": {
      "version": "1.1.6",
      "resolved": "https://registry.npmjs.org/jwa/-/jwa-1.1.6.tgz",
      "integrity": "sha512-tBO/cf++BUsJkYql/kBbJroKOgHWEigTKBAjjBEmrMGYd1QMBC74Hr4Wo2zCZw6ZrVhlJPvoMrkcOnlWR/DJfw==",
      "requires": {
        "buffer-equal-constant-time": "1.0.1",
        "ecdsa-sig-formatter": "1.0.10",
        "safe-buffer": "^5.0.1"
      }
    },
    "jws": {
      "version": "3.1.5",
      "resolved": "https://registry.npmjs.org/jws/-/jws-3.1.5.tgz",
      "integrity": "sha512-GsCSexFADNQUr8T5HPJvayTjvPIfoyJPtLQBwn5a4WZQchcrPMPMAWcC1AzJVRDKyD6ZPROPAxgv6rfHViO4uQ==",
      "requires": {
        "jwa": "^1.1.5",
        "safe-buffer": "^5.0.1"
      }
    },
    "kareem": {
      "version": "2.1.0",
      "resolved": "https://registry.npmjs.org/kareem/-/kareem-2.1.0.tgz",
      "integrity": "sha512-ycoMY1tVkcH1/NaxGn2erZaUC3CodmX7Fl6DUVXjN73+uecWYTaaldRkxNY3HeSKQnQTWnoxRKnZfVHcB8tIWg=="
    },
    "lodash": {
      "version": "4.17.10",
      "resolved": "https://registry.npmjs.org/lodash/-/lodash-4.17.10.tgz",
      "integrity": "sha512-UejweD1pDoXu+AD825lWwp4ZGtSwgnpZxb3JDViD7StjQz+Nb/6l093lx4OQ0foGWNRoc19mWy7BzL+UAK2iVg=="
    },
    "lodash.get": {
      "version": "4.4.2",
      "resolved": "https://registry.npmjs.org/lodash.get/-/lodash.get-4.4.2.tgz",
      "integrity": "sha1-LRd/ZS+jHpObRDjVNBSZ36OCXpk="
    },
    "lodash.includes": {
      "version": "4.3.0",
      "resolved": "https://registry.npmjs.org/lodash.includes/-/lodash.includes-4.3.0.tgz",
      "integrity": "sha1-YLuYqHy5I8aMoeUTJUgzFISfVT8="
    },
    "lodash.isboolean": {
      "version": "3.0.3",
      "resolved": "https://registry.npmjs.org/lodash.isboolean/-/lodash.isboolean-3.0.3.tgz",
      "integrity": "sha1-bC4XHbKiV82WgC/UOwGyDV9YcPY="
    },
    "lodash.isinteger": {
      "version": "4.0.4",
      "resolved": "https://registry.npmjs.org/lodash.isinteger/-/lodash.isinteger-4.0.4.tgz",
      "integrity": "sha1-YZwK89A/iwTDH1iChAt3sRzWg0M="
    },
    "lodash.isnumber": {
      "version": "3.0.3",
      "resolved": "https://registry.npmjs.org/lodash.isnumber/-/lodash.isnumber-3.0.3.tgz",
      "integrity": "sha1-POdoEMWSjQM1IwGsKHMX8RwLH/w="
    },
    "lodash.isplainobject": {
      "version": "4.0.6",
      "resolved": "https://registry.npmjs.org/lodash.isplainobject/-/lodash.isplainobject-4.0.6.tgz",
      "integrity": "sha1-fFJqUtibRcRcxpC4gWO+BJf1UMs="
    },
    "lodash.isstring": {
      "version": "4.0.1",
      "resolved": "https://registry.npmjs.org/lodash.isstring/-/lodash.isstring-4.0.1.tgz",
      "integrity": "sha1-1SfftUVuynzJu5XV2ur4i6VKVFE="
    },
    "lodash.once": {
      "version": "4.1.1",
      "resolved": "https://registry.npmjs.org/lodash.once/-/lodash.once-4.1.1.tgz",
      "integrity": "sha1-DdOXEhPHxW34gJd9UEyI+0cal6w="
    },
    "media-typer": {
      "version": "0.3.0",
      "resolved": "https://registry.npmjs.org/media-typer/-/media-typer-0.3.0.tgz",
      "integrity": "sha1-hxDXrwqmJvj/+hzgAWhUUmMlV0g="
    },
    "merge-descriptors": {
      "version": "1.0.1",
      "resolved": "https://registry.npmjs.org/merge-descriptors/-/merge-descriptors-1.0.1.tgz",
      "integrity": "sha1-sAqqVW3YtEVoFQ7J0blT8/kMu2E="
    },
    "methods": {
      "version": "1.1.2",
      "resolved": "https://registry.npmjs.org/methods/-/methods-1.1.2.tgz",
      "integrity": "sha1-VSmk1nZUE07cxSZmVoNbD4Ua/O4="
    },
    "mime": {
      "version": "1.4.1",
      "resolved": "https://registry.npmjs.org/mime/-/mime-1.4.1.tgz",
      "integrity": "sha512-KI1+qOZu5DcW6wayYHSzR/tXKCDC5Om4s1z2QJjDULzLcmf3DvzS7oluY4HCTrc+9FiKmWUgeNLg7W3uIQvxtQ=="
    },
    "mime-db": {
      "version": "1.33.0",
      "resolved": "https://registry.npmjs.org/mime-db/-/mime-db-1.33.0.tgz",
      "integrity": "sha512-BHJ/EKruNIqJf/QahvxwQZXKygOQ256myeN/Ew+THcAa5q+PjyTTMMeNQC4DZw5AwfvelsUrA6B67NKMqXDbzQ=="
    },
    "mime-types": {
      "version": "2.1.18",
      "resolved": "https://registry.npmjs.org/mime-types/-/mime-types-2.1.18.tgz",
      "integrity": "sha512-lc/aahn+t4/SWV/qcmumYjymLsWfN3ELhpmVuUFjgsORruuZPVSwAQryq+HHGvO/SI2KVX26bx+En+zhM8g8hQ==",
      "requires": {
        "mime-db": "~1.33.0"
      }
    },
    "mongodb": {
      "version": "3.0.8",
      "resolved": "https://registry.npmjs.org/mongodb/-/mongodb-3.0.8.tgz",
      "integrity": "sha512-mj7yIUyAr9xnO2ev8pcVJ9uX7gSum5LLs1qIFoWLxA5Il50+jcojKtaO1/TbexsScZ9Poz00Pc3b86GiSqJ7WA==",
      "requires": {
        "mongodb-core": "3.0.8"
      }
    },
    "mongodb-core": {
      "version": "3.0.8",
      "resolved": "https://registry.npmjs.org/mongodb-core/-/mongodb-core-3.0.8.tgz",
      "integrity": "sha512-dFxfhH9N7ohuQnINyIl6dqEF8sYOE0WKuymrFf3L3cipJNrx+S8rAbNOTwa00/fuJCjBMJNFsaA+R2N16//UIw==",
      "requires": {
        "bson": "~1.0.4",
        "require_optional": "^1.0.1"
      }
    },
    "mongoose": {
      "version": "5.1.2",
      "resolved": "https://registry.npmjs.org/mongoose/-/mongoose-5.1.2.tgz",
      "integrity": "sha512-k9hssPMgBnUYG5e9NoUbx/2ERDyelDY0Vf6BwjtmoETUhVT7pQUe1o+oelLLuHF3ZVY2qgienK8pnrI5pdvlxA==",
      "requires": {
        "async": "2.1.4",
        "bson": "~1.0.5",
        "kareem": "2.1.0",
        "lodash.get": "4.4.2",
        "mongodb": "3.0.8",
        "mongoose-legacy-pluralize": "1.0.2",
        "mpath": "0.4.1",
        "mquery": "3.0.0",
        "ms": "2.0.0",
        "regexp-clone": "0.0.1",
        "sliced": "1.0.1"
      }
    },
    "mongoose-legacy-pluralize": {
      "version": "1.0.2",
      "resolved": "https://registry.npmjs.org/mongoose-legacy-pluralize/-/mongoose-legacy-pluralize-1.0.2.tgz",
      "integrity": "sha512-Yo/7qQU4/EyIS8YDFSeenIvXxZN+ld7YdV9LqFVQJzTLye8unujAWPZ4NWKfFA+RNjh+wvTWKY9Z3E5XM6ZZiQ=="
    },
    "mpath": {
      "version": "0.4.1",
      "resolved": "https://registry.npmjs.org/mpath/-/mpath-0.4.1.tgz",
      "integrity": "sha512-NNY/MpBkALb9jJmjpBlIi6GRoLveLUM0pJzgbp9vY9F7IQEb/HREC/nxrixechcQwd1NevOhJnWWV8QQQRE+OA=="
    },
    "mquery": {
      "version": "3.0.0",
      "resolved": "https://registry.npmjs.org/mquery/-/mquery-3.0.0.tgz",
      "integrity": "sha512-WL1Lk8v4l8VFSSwN3yCzY9TXw+fKVYKn6f+w86TRzOLSE8k1yTgGaLBPUByJQi8VcLbOdnUneFV/y3Kv874pnQ==",
      "requires": {
        "bluebird": "3.5.0",
        "debug": "2.6.9",
        "regexp-clone": "0.0.1",
        "sliced": "0.0.5"
      },
      "dependencies": {
        "sliced": {
          "version": "0.0.5",
          "resolved": "https://registry.npmjs.org/sliced/-/sliced-0.0.5.tgz",
          "integrity": "sha1-XtwETKTrb3gW1Qui/GPiXY/kcH8="
        }
      }
    },
    "ms": {
      "version": "2.0.0",
      "resolved": "https://registry.npmjs.org/ms/-/ms-2.0.0.tgz",
      "integrity": "sha1-VgiurfwAvmwpAd9fmGF4jeDVl8g="
    },
    "negotiator": {
      "version": "0.6.1",
      "resolved": "https://registry.npmjs.org/negotiator/-/negotiator-0.6.1.tgz",
      "integrity": "sha1-KzJxhOiZIQEXeyhWP7XnECrNDKk="
    },
    "object-assign": {
      "version": "4.1.1",
      "resolved": "https://registry.npmjs.org/object-assign/-/object-assign-4.1.1.tgz",
      "integrity": "sha1-IQmtx5ZYh8/AXLvUQsrIv7s2CGM="
    },
    "on-finished": {
      "version": "2.3.0",
      "resolved": "https://registry.npmjs.org/on-finished/-/on-finished-2.3.0.tgz",
      "integrity": "sha1-IPEzZIGwg811M3mSoWlxqi2QaUc=",
      "requires": {
        "ee-first": "1.1.1"
      }
    },
    "parseurl": {
      "version": "1.3.2",
      "resolved": "https://registry.npmjs.org/parseurl/-/parseurl-1.3.2.tgz",
      "integrity": "sha1-/CidTtiZMRlGDBViUyYs3I3mW/M="
    },
    "passport": {
      "version": "0.4.0",
      "resolved": "https://registry.npmjs.org/passport/-/passport-0.4.0.tgz",
      "integrity": "sha1-xQlWkTR71a07XhgCOMORTRbwWBE=",
      "requires": {
        "passport-strategy": "1.x.x",
        "pause": "0.0.1"
      }
    },
    "passport-local": {
      "version": "1.0.0",
      "resolved": "https://registry.npmjs.org/passport-local/-/passport-local-1.0.0.tgz",
      "integrity": "sha1-H+YyaMkudWBmJkN+O5BmYsFbpu4=",
      "requires": {
        "passport-strategy": "1.x.x"
      }
    },
    "passport-strategy": {
      "version": "1.0.0",
      "resolved": "https://registry.npmjs.org/passport-strategy/-/passport-strategy-1.0.0.tgz",
      "integrity": "sha1-tVOaqPwiWj0a0XlHbd8ja0QPUuQ="
    },
    "path-to-regexp": {
      "version": "0.1.7",
      "resolved": "https://registry.npmjs.org/path-to-regexp/-/path-to-regexp-0.1.7.tgz",
      "integrity": "sha1-32BBeABfUi8V60SQ5yR6G/qmf4w="
    },
    "pause": {
      "version": "0.0.1",
      "resolved": "https://registry.npmjs.org/pause/-/pause-0.0.1.tgz",
      "integrity": "sha1-HUCLP9t2kjuVQ9lvtMnf1TXZy10="
    },
    "proxy-addr": {
      "version": "2.0.3",
      "resolved": "https://registry.npmjs.org/proxy-addr/-/proxy-addr-2.0.3.tgz",
      "integrity": "sha512-jQTChiCJteusULxjBp8+jftSQE5Obdl3k4cnmLA6WXtK6XFuWRnvVL7aCiBqaLPM8c4ph0S4tKna8XvmIwEnXQ==",
      "requires": {
        "forwarded": "~0.1.2",
        "ipaddr.js": "1.6.0"
      }
    },
    "qs": {
      "version": "6.5.2",
      "resolved": "https://registry.npmjs.org/qs/-/qs-6.5.2.tgz",
      "integrity": "sha512-N5ZAX4/LxJmF+7wN74pUD6qAh9/wnvdQcjq9TZjevvXzSUo7bfmw91saqMjzGS2xq91/odN2dW/WOl7qQHNDGA=="
    },
    "range-parser": {
      "version": "1.2.0",
      "resolved": "https://registry.npmjs.org/range-parser/-/range-parser-1.2.0.tgz",
      "integrity": "sha1-9JvmtIeJTdxA3MlKMi9hEJLgDV4="
    },
    "raw-body": {
      "version": "2.3.3",
      "resolved": "https://registry.npmjs.org/raw-body/-/raw-body-2.3.3.tgz",
      "integrity": "sha512-9esiElv1BrZoI3rCDuOuKCBRbuApGGaDPQfjSflGxdy4oyzqghxu6klEkkVIvBje+FF0BX9coEv8KqW6X/7njw==",
      "requires": {
        "bytes": "3.0.0",
        "http-errors": "1.6.3",
        "iconv-lite": "0.4.23",
        "unpipe": "1.0.0"
      }
    },
    "regexp-clone": {
      "version": "0.0.1",
      "resolved": "https://registry.npmjs.org/regexp-clone/-/regexp-clone-0.0.1.tgz",
      "integrity": "sha1-p8LgmJH9vzj7sQ03b7cwA+aKxYk="
    },
    "require_optional": {
      "version": "1.0.1",
      "resolved": "https://registry.npmjs.org/require_optional/-/require_optional-1.0.1.tgz",
      "integrity": "sha512-qhM/y57enGWHAe3v/NcwML6a3/vfESLe/sGM2dII+gEO0BpKRUkWZow/tyloNqJyN6kXSl3RyyM8Ll5D/sJP8g==",
      "requires": {
        "resolve-from": "^2.0.0",
        "semver": "^5.1.0"
      }
    },
    "resolve-from": {
      "version": "2.0.0",
      "resolved": "https://registry.npmjs.org/resolve-from/-/resolve-from-2.0.0.tgz",
      "integrity": "sha1-lICrIOlP+h2egKgEx+oUdhGWa1c="
    },
    "safe-buffer": {
      "version": "5.1.1",
      "resolved": "https://registry.npmjs.org/safe-buffer/-/safe-buffer-5.1.1.tgz",
      "integrity": "sha512-kKvNJn6Mm93gAczWVJg7wH+wGYWNrDHdWvpUmHyEsgCtIwwo3bqPtV4tR5tuPaUhTOo/kvhVwd8XwwOllGYkbg=="
    },
    "safer-buffer": {
      "version": "2.1.2",
      "resolved": "https://registry.npmjs.org/safer-buffer/-/safer-buffer-2.1.2.tgz",
      "integrity": "sha512-YZo3K82SD7Riyi0E1EQPojLz7kpepnSQI9IyPbHHg1XXXevb5dJI7tpyN2ADxGcQbHG7vcyRHk0cbwqcQriUtg=="
    },
    "semver": {
      "version": "5.5.0",
      "resolved": "https://registry.npmjs.org/semver/-/semver-5.5.0.tgz",
      "integrity": "sha512-4SJ3dm0WAwWy/NVeioZh5AntkdJoWKxHxcmyP622fOkgHa4z3R0TdBJICINyaSDE6uNwVc8gZr+ZinwZAH4xIA=="
    },
    "send": {
      "version": "0.16.2",
      "resolved": "https://registry.npmjs.org/send/-/send-0.16.2.tgz",
      "integrity": "sha512-E64YFPUssFHEFBvpbbjr44NCLtI1AohxQ8ZSiJjQLskAdKuriYEP6VyGEsRDH8ScozGpkaX1BGvhanqCwkcEZw==",
      "requires": {
        "debug": "2.6.9",
        "depd": "~1.1.2",
        "destroy": "~1.0.4",
        "encodeurl": "~1.0.2",
        "escape-html": "~1.0.3",
        "etag": "~1.8.1",
        "fresh": "0.5.2",
        "http-errors": "~1.6.2",
        "mime": "1.4.1",
        "ms": "2.0.0",
        "on-finished": "~2.3.0",
        "range-parser": "~1.2.0",
        "statuses": "~1.4.0"
      },
      "dependencies": {
        "statuses": {
          "version": "1.4.0",
          "resolved": "https://registry.npmjs.org/statuses/-/statuses-1.4.0.tgz",
          "integrity": "sha512-zhSCtt8v2NDrRlPQpCNtw/heZLtfUDqxBM1udqikb/Hbk52LK4nQSwr10u77iopCW5LsyHpuXS0GnEc48mLeew=="
        }
      }
    },
    "serve-static": {
      "version": "1.13.2",
      "resolved": "https://registry.npmjs.org/serve-static/-/serve-static-1.13.2.tgz",
      "integrity": "sha512-p/tdJrO4U387R9oMjb1oj7qSMaMfmOyd4j9hOFoxZe2baQszgHcSWjuya/CiT5kgZZKRudHNOA0pYXOl8rQ5nw==",
      "requires": {
        "encodeurl": "~1.0.2",
        "escape-html": "~1.0.3",
        "parseurl": "~1.3.2",
        "send": "0.16.2"
      }
    },
    "setprototypeof": {
      "version": "1.1.0",
      "resolved": "https://registry.npmjs.org/setprototypeof/-/setprototypeof-1.1.0.tgz",
      "integrity": "sha512-BvE/TwpZX4FXExxOxZyRGQQv651MSwmWKZGqvmPcRIjDqWub67kTKuIMx43cZZrS/cBBzwBcNDWoFxt2XEFIpQ=="
    },
    "sliced": {
      "version": "1.0.1",
      "resolved": "https://registry.npmjs.org/sliced/-/sliced-1.0.1.tgz",
      "integrity": "sha1-CzpmK10Ewxd7GSa+qCsD+Dei70E="
    },
    "statuses": {
      "version": "1.5.0",
      "resolved": "https://registry.npmjs.org/statuses/-/statuses-1.5.0.tgz",
      "integrity": "sha1-Fhx9rBd2Wf2YEfQ3cfqZOBR4Yow="
    },
    "type-is": {
      "version": "1.6.16",
      "resolved": "https://registry.npmjs.org/type-is/-/type-is-1.6.16.tgz",
      "integrity": "sha512-HRkVv/5qY2G6I8iab9cI7v1bOIdhm94dVjQCPFElW9W+3GeDOSHmy2EBYe4VTApuzolPcmgFTN3ftVJRKR2J9Q==",
      "requires": {
        "media-typer": "0.3.0",
        "mime-types": "~2.1.18"
      }
    },
    "unpipe": {
      "version": "1.0.0",
      "resolved": "https://registry.npmjs.org/unpipe/-/unpipe-1.0.0.tgz",
      "integrity": "sha1-sr9O6FFKrmFltIF4KdIbLvSZBOw="
    },
    "utils-merge": {
      "version": "1.0.1",
      "resolved": "https://registry.npmjs.org/utils-merge/-/utils-merge-1.0.1.tgz",
      "integrity": "sha1-n5VxD1CiZ5R7LMwSR0HBAoQn5xM="
    },
    "vary": {
      "version": "1.1.2",
      "resolved": "https://registry.npmjs.org/vary/-/vary-1.1.2.tgz",
      "integrity": "sha1-IpnwLG3tMNSllhsLn3RSShj2NPw="
    }
  }
}
